Workbook

Sheet Data - Gold
A1: Date | B1: Close | C1: Open | D1: Max | E1: Min | F1: Vol. | G1: % var.
A2: 02.01.2020 | B2: 1528.1 | C2: 1521 | D2: 1534 | E2: 1519.7 | F2: 270,55K | G2: 0.0033
A3: 03.01.2020 | B3: 1552.4 | C3: 1531.7 | D3: 1556.6 | E3: 1530.4 | F3: 436,74K | G3: 0.0159
A4: 06.01.2020 | B4: 1568.8 | C4: 1562.7 | D4: 1590.9 | E4: 1562.3 | F4: 558,97K | G4: 0.0106
A5: 07.01.2020 | B5: 1574.3 | C5: 1567.4 | D5: 1579.2 | E5: 1557 | F5: 435,87K | G5: 0.0035
A6: 08.01.2020 | B6: 1560.2 | C6: 1578.8 | D6: 1613.3 | E6: 1553.4 | F6: 813,41K | G6: -0.009
A7: 09.01.2020 | B7: 1554.3 | C7: 1557.7 | D7: 1562.4 | E7: 1541 | F7: 372,88K | G7: -0.0038
A8: 10.01.2020 | B8: 1560.1 | C8: 1553.4 | D8: 1564.1 | E8: 1546.7 | F8: 344,34K | G8: 0.0037
A9: 13.01.2020 | B9: 1550.6 | C9: 1563 | D9: 1563.1 | E9: 1547 | F9: 311,73K | G9: -0.0061
A10: 14.01.2020 | B10: 1544.6 | C10: 1548.6 | D10: 1549.5 | E10: 1536.4 | F10: 340,91K | G10: -0.0039
A11: 15.01.2020 | B11: 1554 | C11: 1546.8 | D11: 1558.8 | E11: 1546.5 | F11: 310,07K | G11: 0.0061
A12: 16.01.2020 | B12: 1550.5 | C12: 1556.6 | D12: 1558.2 | E12: 1548 | F12: 260,05K | G12: -0.0023
A13: 17.01.2020 | B13: 1560.3 | C13: 1553 | D13: 1561.4 | E13: 1549.3 | F13: 264,93K | G13: 0.0063
... A1328: 30.12.2025 | B1328: 4386.3 | C1328: 4350.3 | D1328: 4420.5 | E1328: 4338.8 | F1328: 161,78K | G1328: 0.0137

Sheet Data - Silver
A1: Date | B1: Close | C1: Open | D1: Max | E1: Min | F1: Vol. | G1: % var.
A2: 02.01.2020 | B2: 18.046 | C2: 17.905 | D2: 17.83 | E2: 17.83 | F2: 110,02K | G2: 0.007
A3: 06.01.2020 | B3: 18.179 | C3: 18.17 | D3: 18.045 | E3: 18.045 | F3: 111,96K | G3: 0.0074
A4: 07.01.2020 | B4: 18.393 | C4: 18.185 | D4: 17.975 | E4: 17.975 | F4: 180,48K | G4: 0.0118
A5: 08.01.2020 | B5: 18.167 | C5: 18.45 | D5: 18.085 | E5: 18.085 | F5: 101,36K | G5: -0.0123
A6: 09.01.2020 | B6: 17.936 | C6: 18.12 | D6: 17.815 | E6: 17.815 | F6: 80,66K | G6: -0.0127
A7: 13.01.2020 | B7: 17.996 | C7: 18.13 | D7: 17.935 | E7: 17.935 | F7: 84,39K | G7: 0.0033
A8: 14.01.2020 | B8: 17.742 | C8: 17.975 | D8: 17.69 | E8: 17.69 | F8: 73,76K | G8: -0.0141
A9: 15.01.2020 | B9: 17.988 | C9: 17.8 | D9: 17.755 | E9: 17.755 | F9: 58,31K | G9: 0.0139
A10: 16.01.2020 | B10: 17.939 | C10: 18.01 | D10: 17.875 | E10: 17.875 | F10: 69,18K | G10: -0.0027
A11: 21.01.2020 | B11: 17.808 | C11: 18.04 | D11: 17.62 | E11: 17.62 | F11: 57,76K | G11: -0.0073
A12: 22.01.2020 | B12: 17.828 | C12: 17.785 | D12: 17.675 | E12: 17.675 | F12: 69,27K | G12: 0.0011
A13: 23.01.2020 | B13: 17.829 | C13: 17.835 | D13: 17.59 | E13: 17.59 | F13: 68,05K | G13: 0.0001
... A1219: 30.12.2025 | B1219: 70.603 | C1219: 76.065 | D1219: 76.275 | E1219: 69.255 | F1219: 148,60K | G1219: -0.0939

Sheet Analysis
A1: Date | B1: Gold Close | C1: Silver Close | D1: Daily Return Gold | E1: Daily Return Silver | F1: Cum Return Gold | G1: Cum Return Silver | H1: Gold/Silver Ratio | I1: Gold Max. to Date | J1: Gold Drawdown to Date | K1: Silver Max. to Date | L1: Silver Drawdown to Date
A2: 02.01.2020 | B2: 1528.1 | C2: {=VLOOKUP(A2:A1198,'Data - Silver'!A:B,2,0)} -> 18.046 | H2: =B2/C2 -> 84.678045 | I2: =MAX($B$2:B2) -> 1528.1 | J2: =(B2-I2)/I2 -> 0 | K2: =MAX($C$2:C2) -> 18.046 | L2: =(C2-K2)/K2 -> 0
A3: 06.01.2020 | B3: 1568.8 | C3: 18.179 | D3: =(B3-B2)/B2 -> 0.026634383 | E3: =(C3-C2)/C2 -> 0.0073700543 | F3: =(B3-$B$2)/$B$2 -> 0.026634383 | G3: =(C3-$C$2)/$C$2 -> 0.0073700543 | H3: =B3/C3 -> 86.297376 | I3: =MAX($B$2:B3) -> 1568.8 | J3: =(B3-I3)/I3 -> 0 | K3: =MAX($C$2:C3) -> 18.179 | L3: =(C3-K3)/K3 -> 0
A4: 07.01.2020 | B4: 1574.3 | C4: 18.393 | D4: =(B4-B3)/B3 -> 0.0035058644 | E4: =(C4-C3)/C3 -> 0.011771825 | F4: =(B4-$B$2)/$B$2 -> 0.030233623 | G4: =(C4-$C$2)/$C$2 -> 0.019228638 | H4: =B4/C4 -> 85.592345 | I4: =MAX($B$2:B4) -> 1574.3 | J4: =(B4-I4)/I4 -> 0 | K4: =MAX($C$2:C4) -> 18.393 | L4: =(C4-K4)/K4 -> 0
A5: 08.01.2020 | B5: 1560.2 | C5: 18.167 | D5: =(B5-B4)/B4 -> -0.0089563616 | E5: =(C5-C4)/C4 -> -0.012287283 | F5: =(B5-$B$2)/$B$2 -> 0.021006479 | G5: =(C5-$C$2)/$C$2 -> 0.006705087 | H5: =B5/C5 -> 85.880993 | I5: =MAX($B$2:B5) -> 1574.3 | J5: =(B5-I5)/I5 -> -0.0089563616 | K5: =MAX($C$2:C5) -> 18.393 | L5: =(C5-K5)/K5 -> -0.012287283
A6: 09.01.2020 | B6: 1554.3 | C6: 17.936 | D6: =(B6-B5)/B5 -> -0.0037815665 | E6: =(C6-C5)/C5 -> -0.012715363 | F6: =(B6-$B$2)/$B$2 -> 0.017145475 | G6: =(C6-$C$2)/$C$2 -> -0.0060955336 | H6: =B6/C6 -> 86.658118 | I6: =MAX($B$2:B6) -> 1574.3 | J6: =(B6-I6)/I6 -> -0.012704059 | K6: =MAX($C$2:C6) -> 18.393 | L6: =(C6-K6)/K6 -> -0.024846409
A7: 13.01.2020 | B7: 1550.6 | C7: 17.996 | D7: =(B7-B6)/B6 -> -0.0023804928 | E7: =(C7-C6)/C6 -> 0.0033452275 | F7: =(B7-$B$2)/$B$2 -> 0.014724167 | G7: =(C7-$C$2)/$C$2 -> -0.0027706971 | H7: =B7/C7 -> 86.163592 | I7: =MAX($B$2:B7) -> 1574.3 | J7: =(B7-I7)/I7 -> -0.01505431 | K7: =MAX($C$2:C7) -> 18.393 | L7: =(C7-K7)/K7 -> -0.021584298
A8: 14.01.2020 | B8: 1544.6 | C8: 17.742 | D8: =(B8-B7)/B7 -> -0.0038694699 | E8: =(C8-C7)/C7 -> -0.014114248 | F8: =(B8-$B$2)/$B$2 -> 0.010797723 | G8: =(C8-$C$2)/$C$2 -> -0.016845838 | H8: =B8/C8 -> 87.058956 | I8: =MAX($B$2:B8) -> 1574.3 | J8: =(B8-I8)/I8 -> -0.018865528 | K8: =MAX($C$2:C8) -> 18.393 | L8: =(C8-K8)/K8 -> -0.0353939
A9: 15.01.2020 | B9: 1554 | C9: 17.988 | D9: =(B9-B8)/B8 -> 0.006085718 | E9: =(C9-C8)/C8 -> 0.013865404 | F9: =(B9-$B$2)/$B$2 -> 0.016949153 | G9: =(C9-$C$2)/$C$2 -> -0.0032140086 | H9: =B9/C9 -> 86.390927 | I9: =MAX($B$2:B9) -> 1574.3 | J9: =(B9-I9)/I9 -> -0.01289462 | K9: =MAX($C$2:C9) -> 18.393 | L9: =(C9-K9)/K9 -> -0.022019246
A10: 16.01.2020 | B10: 1550.5 | C10: 17.939 | D10: =(B10-B9)/B9 -> -0.0022522523 | E10: =(C10-C9)/C9 -> -0.0027240382 | F10: =(B10-$B$2)/$B$2 -> 0.014658727 | G10: =(C10-$C$2)/$C$2 -> -0.0059292918 | H10: =B10/C10 -> 86.431797 | I10: =MAX($B$2:B10) -> 1574.3 | J10: =(B10-I10)/I10 -> -0.01511783 | K10: =MAX($C$2:C10) -> 18.393 | L10: =(C10-K10)/K10 -> -0.024683303
A11: 21.01.2020 | B11: 1557.9 | C11: 17.808 | D11: =(B11-B10)/B10 -> 0.004772654 | E11: =(C11-C10)/C10 -> -0.0073025252 | F11: =(B11-$B$2)/$B$2 -> 0.019501342 | G11: =(C11-$C$2)/$C$2 -> -0.013188518 | H11: =B11/C11 -> 87.483154 | I11: =MAX($B$2:B11) -> 1574.3 | J11: =(B11-I11)/I11 -> -0.010417328 | K11: =MAX($C$2:C11) -> 18.393 | L11: =(C11-K11)/K11 -> -0.031805578
A12: 22.01.2020 | B12: 1556.7 | C12: 17.828 | D12: =(B12-B11)/B11 -> -0.00077026767 | E12: =(C12-C11)/C11 -> 0.0011230907 | F12: =(B12-$B$2)/$B$2 -> 0.018716053 | G12: =(C12-$C$2)/$C$2 -> -0.012080239 | H12: =B12/C12 -> 87.317702 | I12: =MAX($B$2:B12) -> 1574.3 | J12: =(B12-I12)/I12 -> -0.011179572 | K12: =MAX($C$2:C12) -> 18.393 | L12: =(C12-K12)/K12 -> -0.030718208
A13: 23.01.2020 | B13: 1565.4 | C13: 17.829 | D13: =(B13-B12)/B12 -> 0.0055887454 | E13: =(C13-C12)/C12 -> 5.6091541e-05 | F13: =(B13-$B$2)/$B$2 -> 0.024409397 | G13: =(C13-$C$2)/$C$2 -> -0.012024825 | H13: =B13/C13 -> 87.800774 | I13: =MAX($B$2:B13) -> 1574.3 | J13: =(B13-I13)/I13 -> -0.0056533062 | K13: =MAX($C$2:C13) -> 18.393 | L13: =(C13-K13)/K13 -> -0.03066384
A14: 27.01.2020 | B14: 1577.4 | C14: 18.056 | D14: =(B14-B13)/B13 -> 0.0076657723 | E14: =(C14-C13)/C13 -> 0.012732066 | F14: =(B14-$B$2)/$B$2 -> 0.032262286 | G14: =(C14-$C$2)/$C$2 -> 0.00055413942 | H14: =B14/C14 -> 87.361542 | I14: =MAX($B$2:B14) -> 1577.4 | J14: =(B14-I14)/I14 -> 0 | K14: =MAX($C$2:C14) -> 18.393 | L14: =(C14-K14)/K14 -> -0.018322188
... A1198: 30.12.2025 | B1198: 4386.3 | C1198: 70.603 | D1198: =(B1198-B1197)/B1197 -> 0.013704645 | E1198: =(C1198-C1197)/C1197 -> -0.093892375 | F1198: =(B1198-$B$2)/$B$2 -> 1.8704273 | G1198: =(C1198-$C$2)/$C$2 -> 2.9123906 | H1198: =B1198/C1198 -> 62.126255 | I1198: =MAX($B$2:B1198) -> 4527.5 | J1198: =(B1198-I1198)/I1198 -> -0.031187189 | K1198: =MAX($C$2:C1198) -> 77.919 | L1198: =(C1198-K1198)/K1198 -> -0.093892375

Sheet Statistics
A1: GOLD
A2: Average Daily Return | B2: =AVERAGE(Analysis!D3:D1198) -> 0.00095502835
A3: Daily Volatility | B3: =STDEVA(Analysis!D3:D1198) -> 0.012079429
A4: Annualized Volatility | B4: =STDEVA(Analysis!D3:D1198)*SQRT(252) -> 0.19175498
A5: Total Cumulative Return | B5: =Analysis!F1198 -> 1.8704273
A6: Maximum Drawdown | B6: =MIN(Analysis!J2:J1198) -> -0.21542476
A8: SILVER
A9: Average Daily Return | B9: =AVERAGE(Analysis!E:E) -> 0.001438186
A10: Daily Volatility | B10: =STDEVA(Analysis!E:E) -> 0.024293944
A11: Annualized Volatility | B11: =STDEVA(Analysis!E:E)*SQRT(252) -> 0.3856544
A12: Total Cumulative Return | B12: =Analysis!G1198 -> 2.9123906
A13: Maximum Drawdown | B13: =MIN(Analysis!L:L) -> -0.4011073
A15: Returns Correlation | B15: =CORREL(Analysis!F:F,Analysis!G:G) -> 0.92336451

Sheet Charts
